{
  "Ansi 7 Color (Light)" : {
    "Green Component" : 0.99997437000274658,
    "Red Component" : 1,
    "Blue Component" : 0.99999129772186279
  },
  "Ansi 15 Color (Light)" : {
    "Green Component" : 0.99997437000274658,
    "Red Component" : 1,
    "Blue Component" : 0.99999129772186279
  },
  "Ansi 2 Color (Light)" : {
    "Green Component" : 0.792156862745098,
    "Red Component" : 0.72549019607843135,
    "Blue Component" : 0.29019607843137252
  },
  "Bold Color" : {
    "Red Component" : 0.062745101749897003,
    "Color Space" : "sRGB",
    "Blue Component" : 0.062745101749897003,
    "Alpha Component" : 1,
    "Green Component" : 0.062745101749897003
  },
  "Ansi 1 Color (Dark)" : {
    "Green Component" : 0.30588235294117649,
    "Blue Component" : 0.32549019607843138,
    "Red Component" : 0.83529411764705885
  },
  "Use Bright Bold" : true,
  "Ansi 9 Color (Light)" : {
    "Green Component" : 0.47941176470588237,
    "Red Component" : 0.87647058823529411,
    "Blue Component" : 0.49411764705882355
  },
  "Ansi 8 Color (Dark)" : {
    "Green Component" : 0.33300000000000002,
    "Red Component" : 0.33300000000000002,
    "Blue Component" : 0.33300000000000002
  },
  "Background Color" : {
    "Red Component" : 0.97999999999999998,
    "Color Space" : "sRGB",
    "Blue Component" : 0.97999999999999998,
    "Alpha Component" : 1,
    "Green Component" : 0.97999999999999998
  },
  "Columns" : 80,
  "Plain Text Logging" : 0,
  "Ansi 8 Color" : {
    "Red Component" : 0.40781760215759277,
    "Color Space" : "sRGB",
    "Blue Component" : 0.4078223705291748,
    "Alpha Component" : 1,
    "Green Component" : 0.40782788395881653
  },
  "Right Option Key Sends" : 0,
  "Ansi 4 Color (Light)" : {
    "Green Component" : 0.65098039215686276,
    "Red Component" : 0.47843137254901957,
    "Blue Component" : 0.85490196078431369
  },
  "Blinking Cursor" : false,
  "Selected Text Color (Light)" : {
    "Green Component" : 0.91671288013458252,
    "Red Component" : 0.91654461622238159,
    "Blue Component" : 0.91648769378662109
  },
  "Open Password Manager Automatically" : false,
  "Selected Text Color (Dark)" : {
    "Green Component" : 0.91671288013458252,
    "Blue Component" : 0.91648769378662109,
    "Red Component" : 0.91654461622238159
  },
  "AWDS Pane Option" : "No",
  "Keyboard Map" : {
    "0xf702-0x280000-0x7b" : {
      "Version" : 2,
      "Apply Mode" : 0,
      "Action" : 10,
      "Text" : "b",
      "Escaping" : 2
    },
    "0xf703-0x280000-0x7c" : {
      "Version" : 2,
      "Apply Mode" : 0,
      "Action" : 10,
      "Text" : "f",
      "Escaping" : 2
    }
  },
  "Ansi 3 Color (Dark)" : {
    "Green Component" : 0.77254901960784317,
    "Blue Component" : 0.27843137254901962,
    "Red Component" : 0.90588235294117647
  },
  "AWDS Window Option" : "No",
  "Visual Bell" : true,
  "Cursor Text Color" : {
    "Red Component" : 1,
    "Color Space" : "sRGB",
    "Blue Component" : 1,
    "Alpha Component" : 1,
    "Green Component" : 1
  },
  "AWDS Tab Directory" : "",
  "Scrollback Lines" : 1000,
  "Selection Color (Light)" : {
    "Green Component" : 0.26027005910873413,
    "Red Component" : 0.26022228598594666,
    "Blue Component" : 0.26020613312721252
  },
  "Ansi 0 Color" : {
    "Red Component" : 0.078431375324726105,
    "Color Space" : "sRGB",
    "Blue Component" : 0.11764705926179886,
    "Alpha Component" : 1,
    "Green Component" : 0.098039217293262482
  },
  "Match Background Color (Dark)" : {
    "Red Component" : 0.99697142839431763,
    "Color Space" : "P3",
    "Blue Component" : 0.32116127014160156,
    "Alpha Component" : 1,
    "Green Component" : 0.98600882291793823
  },
  "Ansi 11 Color (Light)" : {
    "Green Component" : 0.8294117647058824,
    "Red Component" : 0.92941176470588238,
    "Blue Component" : 0.45882352941176474
  },
  "Ansi 5 Color (Dark)" : {
    "Green Component" : 0.59215686274509804,
    "Blue Component" : 0.84705882352941175,
    "Red Component" : 0.76470588235294112
  },
  "Cursor Text Color (Light)" : {
    "Green Component" : 0,
    "Red Component" : 0,
    "Blue Component" : 0
  },
  "Silence Bell" : false,
  "Automatically Log" : false,
  "Rows" : 25,
  "Guid" : "D82EF23E-DDBE-48D1-9998-B010120A63A0",
  "Ansi 14 Color (Dark)" : {
    "Green Component" : 0.81470588235294117,
    "Red Component" : 0.57941176470588229,
    "Blue Component" : 0.77058823529411757
  },
  "Ansi 15 Color (Dark)" : {
    "Green Component" : 0.99997437000274658,
    "Blue Component" : 0.99999129772186279,
    "Red Component" : 1
  },
  "Ansi 0 Color (Dark)" : {
    "Green Component" : 0,
    "Blue Component" : 0,
    "Red Component" : 0
  },
  "Ambiguous Double Width" : false,
  "Option Key Sends" : 2,
  "Ansi 3 Color" : {
    "Red Component" : 0.78058648109436035,
    "Color Space" : "sRGB",
    "Blue Component" : 0,
    "Alpha Component" : 1,
    "Green Component" : 0.76959484815597534
  },
  "Window Type" : 0,
  "BM Growl" : true,
  "Prompt Before Closing 2" : false,
  "Command" : "",
  "AWDS Tab Option" : "No",
  "Selected Text Color" : {
    "Red Component" : 0,
    "Color Space" : "sRGB",
    "Blue Component" : 0,
    "Alpha Component" : 1,
    "Green Component" : 0
  },
  "Ansi 14 Color (Light)" : {
    "Green Component" : 0.81470588235294117,
    "Red Component" : 0.57941176470588229,
    "Blue Component" : 0.77058823529411757
  },
  "Cursor Guide Color (Dark)" : {
    "Red Component" : 0.74862593412399292,
    "Color Space" : "P3",
    "Blue Component" : 0.99125725030899048,
    "Alpha Component" : 0.25,
    "Green Component" : 0.92047786712646484
  },
  "Send Code When Idle" : false,
  "Ansi 6 Color" : {
    "Red Component" : 0,
    "Color Space" : "sRGB",
    "Blue Component" : 0.78166204690933228,
    "Alpha Component" : 1,
    "Green Component" : 0.77425903081893921
  },
  "Jobs to Ignore" : [
    "rlogin",
    "ssh",
    "slogin",
    "telnet"
  ],
  "Badge Color (Dark)" : {
    "Red Component" : 0.92929404973983765,
    "Color Space" : "P3",
    "Blue Component" : 0.13960540294647217,
    "Alpha Component" : 0.5,
    "Green Component" : 0.25479039549827576
  },
  "Cursor Color" : {
    "Red Component" : 0,
    "Color Space" : "sRGB",
    "Blue Component" : 0,
    "Alpha Component" : 1,
    "Green Component" : 0
  },
  "Vertical Spacing" : 1,
  "Disable Window Resizing" : true,
  "Close Sessions On End" : true,
  "Selection Color (Dark)" : {
    "Green Component" : 0.26027005910873413,
    "Blue Component" : 0.26020613312721252,
    "Red Component" : 0.26022228598594666
  },
  "Default Bookmark" : "No",
  "Timestamps Visible" : false,
  "Foreground Color (Light)" : {
    "Green Component" : 0.91671288013458252,
    "Red Component" : 0.91654461622238159,
    "Blue Component" : 0.91648769378662109
  },
  "Custom Command" : "No",
  "Background Color (Dark)" : {
    "Green Component" : 0,
    "Blue Component" : 0,
    "Red Component" : 0
  },
  "Ansi 9 Color" : {
    "Red Component" : 0.8659515380859375,
    "Color Space" : "sRGB",
    "Blue Component" : 0.45833224058151245,
    "Alpha Component" : 1,
    "Green Component" : 0.47524076700210571
  },
  "Ansi 14 Color" : {
    "Red Component" : 0.37597531080245972,
    "Color Space" : "sRGB",
    "Blue Component" : 1,
    "Alpha Component" : 1,
    "Green Component" : 0.99263292551040649
  },
  "Flashing Bell" : true,
  "Use Italic Font" : true,
  "Ansi 13 Color (Dark)" : {
    "Green Component" : 0.69411764705882351,
    "Red Component" : 0.82352941176470584,
    "Blue Component" : 0.88529411764705879
  },
  "Cursor Guide Color (Light)" : {
    "Red Component" : 0.74862593412399292,
    "Color Space" : "P3",
    "Blue Component" : 0.99125725030899048,
    "Alpha Component" : 0.25,
    "Green Component" : 0.92047786712646484
  },
  "Ansi 12 Color" : {
    "Red Component" : 0.65349078178405762,
    "Color Space" : "sRGB",
    "Blue Component" : 0.9485321044921875,
    "Alpha Component" : 1,
    "Green Component" : 0.67044717073440552
  },