{
  "Ansi 7 Color (Light)" : {
    "Red Component" : 0.93333333333333335,
    "Color Space" : "sRGB",
    "Blue Component" : 0.83529411764705885,
    "Green Component" : 0.90980392156862744
  },
  "Ansi 15 Color (Light)" : {
    "Red Component" : 0.99215686274509807,
    "Color Space" : "sRGB",
    "Blue Component" : 0.8901960784313725,
    "Green Component" : 0.96470588235294119
  },
  "Ansi 2 Color (Light)" : {
    "Red Component" : 0.52156862745098043,
    "Color Space" : "sRGB",
    "Blue Component" : 0,
    "Green Component" : 0.59999999999999998
  },
  "Bold Color" : {
    "Red Component" : 0.062745101749897003,
    "Color Space" : "sRGB",
    "Blue Component" : 0.062745101749897003,
    "Alpha Component" : 1,
    "Green Component" : 0.062745101749897003
  },
  "Ansi 1 Color (Dark)" : {
    "Green Component" : 0.30588235294117649,
    "Red Component" : 0.83529411764705885,
    "Blue Component" : 0.32549019607843138
  },
  "Use Bright Bold" : true,
  "Ansi 9 Color (Light)" : {
    "Red Component" : 0.79607843137254897,
    "Color Space" : "sRGB",
    "Blue Component" : 0.086274509803921567,
    "Green Component" : 0.29411764705882354
  },
  "Ansi 8 Color (Dark)" : {
    "Green Component" : 0,
    "Red Component" : 0,
    "Blue Component" : 0
  },
  "Background Color" : {
    "Red Component" : 0.97999999999999998,
    "Color Space" : "sRGB",
    "Blue Component" : 0.97999999999999998,
    "Alpha Component" : 1,
    "Green Component" : 0.97999999999999998
  },
  "Columns" : 80,
  "Plain Text Logging" : 0,
  "Ansi 8 Color" : {
    "Red Component" : 0.40781760215759277,
    "Color Space" : "sRGB",
    "Blue Component" : 0.4078223705291748,
    "Alpha Component" : 1,
    "Green Component" : 0.40782788395881653
  },
  "Right Option Key Sends" : 0,
  "Ansi 4 Color (Light)" : {
    "Red Component" : 0.14901960784313725,
    "Color Space" : "sRGB",
    "Blue Component" : 0.82352941176470584,
    "Green Component" : 0.54509803921568623
  },
  "Blinking Cursor" : false,
  "Selected Text Color (Light)" : {
    "Red Component" : 0.57647058823529407,
    "Color Space" : "sRGB",
    "Blue Component" : 0.63137254901960782,
    "Green Component" : 0.63137254901960782
  },
  "Open Password Manager Automatically" : false,
  "Selected Text Color (Dark)" : {
    "Green Component" : 0.91671288013458252,
    "Red Component" : 0.91654461622238159,
    "Blue Component" : 0.91648769378662109
  },
  "Ansi 3 Color (Dark)" : {
    "Green Component" : 0.77254901960784317,
    "Red Component" : 0.90588235294117647,
    "Blue Component" : 0.27843137254901962
  },
  "Keyboard Map" : {
    "0xf702-0x280000-0x7b" : {
      "Version" : 2,
      "Apply Mode" : 0,
      "Action" : 10,
      "Text" : "b",
      "Escaping" : 2
    },
    "0xf703-0x280000-0x7c" : {
      "Version" : 2,
      "Apply Mode" : 0,
      "Action" : 10,
      "Text" : "f",
      "Escaping" : 2
    }
  },
  "Visual Bell" : true,
  "Cursor Text Color" : {
    "Red Component" : 1,
    "Color Space" : "sRGB",
    "Blue Component" : 1,
    "Alpha Component" : 1,
    "Green Component" : 1
  },
  "Scrollback Lines" : 1000,
  "Selection Color (Light)" : {
    "Red Component" : 0.027450980392156862,
    "Color Space" : "sRGB",
    "Blue Component" : 0.25882352941176473,
    "Green Component" : 0.21176470588235294
  },
  "Ansi 0 Color" : {
    "Red Component" : 0.078431375324726105,
    "Color Space" : "sRGB",
    "Blue Component" : 0.11764705926179886,
    "Alpha Component" : 1,
    "Green Component" : 0.098039217293262482
  },
  "Match Background Color (Dark)" : {
    "Red Component" : 0.99697142839431763,
    "Color Space" : "P3",
    "Blue Component" : 0.32116127014160156,
    "Alpha Component" : 1,
    "Green Component" : 0.98600882291793823
  },
  "Ansi 11 Color (Light)" : {
    "Red Component" : 0.396078431372549,
    "Color Space" : "sRGB",
    "Blue Component" : 0.51372549019607838,
    "Green Component" : 0.4823529411764706
  },
  "Ansi 5 Color (Dark)" : {
    "Green Component" : 0.59215686274509804,
    "Red Component" : 0.76470588235294112,
    "Blue Component" : 0.84705882352941175
  },
  "Cursor Text Color (Light)" : {
    "Red Component" : 0.027450980392156862,
    "Color Space" : "sRGB",
    "Blue Component" : 0.25882352941176473,
    "Green Component" : 0.21176470588235294
  },
  "Silence Bell" : false,
  "Automatically Log" : false,
  "Rows" : 25,
  "Guid" : "D82EF23E-DDBE-48D1-9998-B010120A63A0",
  "Ansi 14 Color (Dark)" : {
    "Green Component" : 0.75294117650000003,
    "Red Component" : 0.43921568630000002,
    "Blue Component" : 0.69411764710000001
  },
  "Ansi 15 Color (Dark)" : {
    "Green Component" : 0.99997437000274658,
    "Red Component" : 1,
    "Blue Component" : 0.99999129772186279
  },
  "Ansi 0 Color (Dark)" : {
    "Green Component" : 0,
    "Red Component" : 0,
    "Blue Component" : 0
  },
  "Ambiguous Double Width" : false,
  "Option Key Sends" : 2,
  "Ansi 3 Color" : {
    "Red Component" : 0.78058648109436035,
    "Color Space" : "sRGB",
    "Blue Component" : 0,
    "Alpha Component" : 1,
    "Green Component" : 0.76959484815597534
  },
  "Window Type" : 0,
  "BM Growl" : true,
  "Prompt Before Closing 2" : false,
  "Command" : "",
  "Selected Text Color" : {
    "Red Component" : 0,
    "Color Space" : "sRGB",
    "Blue Component" : 0,
    "Alpha Component" : 1,
    "Green Component" : 0
  },
  "Ansi 14 Color (Light)" : {
    "Red Component" : 0.57647058823529407,
    "Color Space" : "sRGB",
    "Blue Component" : 0.63137254901960782,
    "Green Component" : 0.63137254901960782
  },
  "Cursor Guide Color (Dark)" : {
    "Red Component" : 0.74862593412399292,
    "Color Space" : "P3",
    "Blue Component" : 0.99125725030899048,
    "Alpha Component" : 0.25,
    "Green Component" : 0.92047786712646484
  },
  "Send Code When Idle" : false,
  "Ansi 6 Color" : {
    "Red Component" : 0,
    "Color Space" : "sRGB",
    "Blue Component" : 0.78166204690933228,
    "Alpha Component" : 1,
    "Green Component" : 0.77425903081893921
  },
  "Jobs to Ignore" : [
    "rlogin",
    "ssh",
    "slogin",
    "telnet"
  ],
  "Badge Color (Dark)" : {
    "Red Component" : 0.92929404973983765,
    "Color Space" : "P3",
    "Blue Component" : 0.13960540294647217,
    "Alpha Component" : 0.5,
    "Green Component" : 0.25479039549827576
  },
  "Cursor Color" : {
    "Red Component" : 0,
    "Color Space" : "sRGB",
    "Blue Component" : 0,
    "Alpha Component" : 1,
    "Green Component" : 0
  },
  "Vertical Spacing" : 1,
  "Disable Window Resizing" : true,
  "Close Sessions On End" : true,
  "Selection Color (Dark)" : {
    "Green Component" : 0.26027005910873413,
    "Red Component" : 0.26022228598594666,
    "Blue Component" : 0.26020613312721252
  },
  "Default Bookmark" : "No",
  "Timestamps Visible" : false,
  "Foreground Color (Light)" : {
    "Red Component" : 0.51372549019607838,
    "Color Space" : "sRGB",
    "Blue Component" : 0.58823529411764708,
    "Green Component" : 0.58039215686274515
  },
  "Custom Command" : "No",
  "Background Color (Dark)" : {
    "Green Component" : 0,
    "Red Component" : 0,
    "Blue Component" : 0
  },
  "Ansi 9 Color" : {
    "Red Component" : 0.8659515380859375,
    "Color Space" : "sRGB",
    "Blue Component" : 0.45833224058151245,
    "Alpha Component" : 1,
    "Green Component" : 0.47524076700210571
  },
  "Ansi 14 Color" : {
    "Red Component" : 0.37597531080245972,
    "Color Space" : "sRGB",
    "Blue Component" : 1,
    "Alpha Component" : 1,
    "Green Component" : 0.99263292551040649
  },
  "Flashing Bell" : true,
  "Use Italic Font" : true,
  "Ansi 13 Color (Dark)" : {
    "Green Component" : 0.59215686270000001,
    "Red Component" : 0.76470588240000004,
    "Blue Component" : 0.84705882349999995
  },
  "Cursor Guide Color (Light)" : {
    "Red Component" : 0.74862593412399292,
    "Color Space" : "P3",
    "Blue Component" : 0.99125725030899048,
    "Alpha Component" : 0.25,
    "Green Component" : 0.92047786712646484
  },